{
    "root_group": {
        "name": "",
        "path": "",
        "id": "d41d8cd98f00b204e9800998ecf8427e",
        "groups": {},
        "checks": {
                "health 200": {
                    "name": "health 200",
                    "path": "::health 200",
                    "id": "8e4f90a842a57472549a6b2cf699032d",
                    "passes": 2017,
                    "fails": 0
                },
                "login 200": {
                    "id": "48b06dc5cde7f6ebb606ad7da726a2a5",
                    "passes": 2017,
                    "fails": 0,
                    "name": "login 200",
                    "path": "::login 200"
                }
            }
    },
    "metrics": {
        "http_req_connecting": {
            "max": 56.032322,
            "p(90)": 0,
            "p(95)": 0,
            "p(99)": 0,
            "avg": 0.03248807783837382,
            "min": 0,
            "med": 0
        },
        "http_req_sending": {
            "avg": 0.10442653817550826,
            "min": 0.010101,
            "med": 0.031493999999999994,
            "max": 88.248277,
            "p(90)": 0.09224290000000002,
            "p(95)": 0.1158582,
            "p(99)": 0.2175168000000007
        },
        "vus": {
            "value": 1,
            "min": 1,
            "max": 20
        },
        "http_req_receiving": {
            "med": 0.15526600000000002,
            "max": 8.327242,
            "p(90)": 0.2551687000000001,
            "p(95)": 0.3093337499999999,
            "p(99)": 0.6491608000000004,
            "avg": 0.18757680267724353,
            "min": 0.022574
        },
        "http_req_duration": {
            "avg": 81.56236697942504,
            "min": 0.477651,
            "med": 59.94206,
            "max": 801.250463,
            "p(90)": 218.64315580000007,
            "p(95)": 303.56023594999994,
            "p(99)": 440.2475834700001,
            "thresholds": {
                "p(95)<1200": false,
                "p(99)<1800": false
            }
        },
        "iterations": {
            "count": 2017,
            "rate": 16.714817491673607
        },
        "http_reqs": {
            "rate": 33.42963498334721,
            "count": 4034
        },
        "http_req_tls_handshaking": {
            "p(95)": 0,
            "p(99)": 0,
            "avg": 0,
            "min": 0,
            "med": 0,
            "max": 0,
            "p(90)": 0
        },
        "iteration_duration": {
            "p(90)": 809.4826750000001,
            "p(95)": 890.1514571999995,
            "p(99)": 990.9339225999997,
            "avg": 664.8448967050086,
            "min": 561.064807,
            "med": 628.077203,
            "max": 1304.339374
        },
        "http_req_failed": {
            "passes": 0,
            "fails": 4034,
            "thresholds": {
                "rate<0.03": false
            },
            "value": 0
        },
        "http_req_duration{expected_response:true}": {
            "p(95)": 303.56023594999994,
            "p(99)": 440.2475834700001,
            "avg": 81.56236697942504,
            "min": 0.477651,
            "med": 59.94206,
            "max": 801.250463,
            "p(90)": 218.64315580000007
        },
        "data_received": {
            "count": 1067921,
            "rate": 8849.82876079602
        },
        "http_req_waiting": {
            "p(95)": 303.39276375,
            "p(99)": 440.09466463000007,
            "avg": 81.27036363857185,
            "min": 0.396739,
            "med": 59.193197999999995,
            "max": 801.016674,
            "p(90)": 218.49305240000007
        },
        "data_sent": {
            "count": 643423,
            "rate": 5332.026779843881
        },
        "checks": {
            "passes": 4034,
            "fails": 0,
            "value": 1
        },
        "vus_max": {
            "max": 20,
            "value": 20,
            "min": 20
        },
        "http_req_blocked": {
            "min": 0.002373,
            "med": 0.008737,
            "max": 56.179439,
            "p(90)": 0.013045,
            "p(95)": 0.017949549999999998,
            "p(99)": 0.07396034000000007,
            "avg": 0.05046783217649979
        }
    }
}