{
    "root_group": {
        "path": "",
        "id": "d41d8cd98f00b204e9800998ecf8427e",
        "groups": {},
        "checks": {
                "health 200": {
                    "id": "8e4f90a842a57472549a6b2cf699032d",
                    "passes": 5,
                    "fails": 0,
                    "name": "health 200",
                    "path": "::health 200"
                },
                "login 200": {
                    "name": "login 200",
                    "path": "::login 200",
                    "id": "48b06dc5cde7f6ebb606ad7da726a2a5",
                    "passes": 5,
                    "fails": 0
                },
                "challengeId exists": {
                    "name": "challengeId exists",
                    "path": "::challengeId exists",
                    "id": "4192177147f1067042f1d2ca315873a3",
                    "passes": 5,
                    "fails": 0
                }
            },
        "name": ""
    },
    "metrics": {
        "iteration_duration": {
            "p(90)": 1264.4107896,
            "p(95)": 1289.3138978000002,
            "p(99)": 1309.23638436,
            "avg": 1171.9919139999997,
            "min": 1099.725914,
            "med": 1136.039822,
            "max": 1314.217006
        },
        "checks": {
            "passes": 15,
            "fails": 0,
            "value": 1
        },
        "iterations": {
            "count": 5,
            "rate": 0.8513794971038451
        },
        "http_req_duration": {
            "min": 1.636097,
            "med": 54.240438499999996,
            "max": 183.359012,
            "p(90)": 148.6639985,
            "p(95)": 166.01150524999997,
            "p(99)": 179.88951065,
            "avg": 69.6499147,
            "thresholds": {
                "p(95)<800": false
            }
        },
        "http_req_connecting": {
            "p(99)": 0.6565331500000001,
            "avg": 0.0721465,
            "min": 0,
            "med": 0,
            "max": 0.721465,
            "p(90)": 0.07214649999999975,
            "p(95)": 0.39680574999999924
        },
        "http_req_waiting": {
            "p(95)": 165.30155644999996,
            "p(99)": 178.96075529,
            "avg": 68.28869130000001,
            "min": 1.408388,
            "med": 49.993643999999996,
            "max": 182.375555,
            "p(90)": 148.2275579
        },
        "data_received": {
            "rate": 448.6769949737264,
            "count": 2635
        },
        "http_reqs": {
            "count": 10,
            "rate": 1.7027589942076902
        },
        "http_req_duration{expected_response:true}": {
            "max": 183.359012,
            "p(90)": 148.6639985,
            "p(95)": 166.01150524999997,
            "p(99)": 179.88951065,
            "avg": 69.6499147,
            "min": 1.636097,
            "med": 54.240438499999996
        },
        "http_req_sending": {
            "min": 0.029089,
            "med": 0.042659,
            "max": 8.20802,
            "p(90)": 1.5711139999999972,
            "p(95)": 4.889566999999992,
            "p(99)": 7.5443294000000005,
            "avg": 0.9504271
        },
        "http_req_tls_handshaking": {
            "avg": 0,
            "min": 0,
            "med": 0,
            "max": 0,
            "p(90)": 0,
            "p(95)": 0,
            "p(99)": 0
        },
        "http_req_receiving": {
            "max": 2.208375,
            "p(90)": 0.6293024999999994,
            "p(95)": 1.4188387499999982,
            "p(99)": 2.05046775,
            "avg": 0.4107963,
            "min": 0.103465,
            "med": 0.190035
        },
        "vus_max": {
            "min": 1,
            "max": 1,
            "value": 1
        },
        "http_req_blocked": {
            "max": 18.920888,
            "p(90)": 1.9100869999999932,
            "p(95)": 10.41548749999998,
            "p(99)": 17.219807900000003,
            "avg": 1.9034848,
            "min": 0.006238,
            "med": 0.0121345
        },
        "http_req_failed": {
            "passes": 0,
            "fails": 10,
            "thresholds": {
                "rate<0.01": false
            },
            "value": 0
        },
        "vus": {
            "min": 1,
            "max": 1,
            "value": 1
        },
        "data_sent": {
            "count": 1595,
            "rate": 271.5900595761266
        }
    }
}