{
    "metrics": {
        "http_req_sending": {
            "max": 39.127218,
            "p(90)": 0.12736600000000006,
            "p(95)": 0.17679894999999993,
            "p(99)": 0.4300682100000012,
            "avg": 0.1051270697036227,
            "min": 0.012888,
            "med": 0.055760000000000004
        },
        "data_received": {
            "count": 1027608,
            "rate": 7340.259167079995
        },
        "http_req_duration{expected_response:true}": {
            "p(99)": 5568.235847280004,
            "avg": 1340.8747120439066,
            "min": 77.91809,
            "med": 1344.3356955,
            "max": 17046.500334,
            "p(90)": 1928.4287707,
            "p(95)": 2177.5808692499995
        },
        "vus_max": {
            "value": 90,
            "min": 90,
            "max": 90
        },
        "http_req_blocked": {
            "min": 0.002919,
            "med": 0.010558,
            "max": 220.94775,
            "p(90)": 0.0182678,
            "p(95)": 0.04407869999999998,
            "p(99)": 1.6097687100000084,
            "avg": 0.1830976523051588
        },
        "iteration_duration": {
            "p(90)": 2230.8533561000004,
            "p(95)": 2482.88932965,
            "p(99)": 5869.081677880004,
            "avg": 1643.8068135452786,
            "min": 379.411668,
            "med": 1645.4595685,
            "max": 17347.482944
        },
        "http_req_connecting": {
            "avg": 0.14476048545554343,
            "min": 0,
            "med": 0,
            "max": 220.75817,
            "p(90)": 0,
            "p(95)": 0,
            "p(99)": 1.0149689500000105
        },
        "http_req_receiving": {
            "p(95)": 0.38093134999999984,
            "p(99)": 0.8152767100000048,
            "avg": 0.22339628649835386,
            "min": 0.01929,
            "med": 0.1612585,
            "max": 25.974329,
            "p(90)": 0.28258100000000014
        },
        "vus": {
            "value": 3,
            "min": 3,
            "max": 90
        },
        "checks": {
            "passes": 3644,
            "fails": 0,
            "value": 1
        },
        "http_req_tls_handshaking": {
            "med": 0,
            "max": 0,
            "p(90)": 0,
            "p(95)": 0,
            "p(99)": 0,
            "avg": 0,
            "min": 0
        },
        "http_req_waiting": {
            "avg": 1340.5461886877033,
            "min": 77.749003,
            "med": 1344.0604635,
            "max": 17046.327653,
            "p(90)": 1928.2154995,
            "p(95)": 2177.3196704499996,
            "p(99)": 5568.093999220004
        },
        "http_req_duration": {
            "p(90)": 1928.4287707,
            "p(95)": 2177.5808692499995,
            "p(99)": 5568.235847280004,
            "avg": 1340.8747120439066,
            "min": 77.91809,
            "med": 1344.3356955,
            "max": 17046.500334,
            "thresholds": {
                "p(99)<6000": false,
                "p(95)<3500": false
            }
        },
        "http_req_failed": {
            "passes": 0,
            "fails": 3644,
            "thresholds": {
                "rate<0.1": false
            },
            "value": 0
        },
        "http_reqs": {
            "count": 3644,
            "rate": 26.029287826524804
        },
        "iterations": {
            "count": 3644,
            "rate": 26.029287826524804
        },
        "data_sent": {
            "count": 830832,
            "rate": 5934.677624447655
        }
    },
    "root_group": {
        "name": "",
        "path": "",
        "id": "d41d8cd98f00b204e9800998ecf8427e",
        "groups": {},
        "checks": {
                "login acceptable": {
                    "fails": 0,
                    "name": "login acceptable",
                    "path": "::login acceptable",
                    "id": "86668aea864ffa41261d7d2b4a9b28d4",
                    "passes": 3644
                }
            }
    }
}